xout,yout
0.8126343437038013,0.836177841783124
0.7686446189616136,0.7491125718871445
0.9467634208981837,0.3823185564037781
-0.9522181501372902,0.9229930296201487
-0.9777484715177953,0.7820415007783106
0.6583435232961037,-0.8039976772480586
-0.6491173236455785,-0.962853298495792
0.9140062072324409,0.6095191622384062
-0.758620384943739,-0.8535586249926463
-0.6119668510918985,-0.9316046942277922
0.7799246168897209,0.7170273982312143
0.653080456901548,0.922344235218304
0.8644230194350224,0.7520539472580989
-0.9922327246986247,-0.13265598721532568
0.7626318319101497,-0.8439546500176478
-0.2440879608515496,-0.976539849184122
-0.88874619984683,0.7730178948991551
0.5389839150885951,0.8752708188993763
-0.9977820075985022,0.8800921909933235
0.8902065237211343,0.9125641346090292
-0.6653193554527685,0.9087913574767068
0.8246873258342124,-0.916107096738054
0.9483618684253174,0.8775128141177992
0.8890770589911603,-0.5185444207477492
0.4626136990007903,-0.929724954627067
-0.9284372127761087,-0.8405458748578722
-0.7326686343057169,0.696663318052178
-0.8683214624266153,0.5076448779861396
0.4545037942091228,0.9386308469789042
0.7692890479969421,0.7656840457175784
0.9543314960200584,0.3593628470743011
-0.946407471749221,-0.8945988255636954
0.8577299832569341,0.9848493505372242
0.9656307233102948,0.6565771151987485
-0.541039453646857,-0.9924653189659176
-0.707201828192819,0.8456878028505626
-0.5484595666516008,0.8368956056560217
-0.9217566243052284,0.8165694060130615
-0.946347793984536,-0.7570690888920719
-0.9456814033364176,-0.7533112447181034
0.7953879528674361,-0.6276621739013133
0.9556607983809791,0.9495496742790062
-0.9002786259555966,0.7952909583542691
-0.8769437244512339,0.8725863363130393
0.5707028438899548,0.8506351662307972
-0.9300472462173757,0.5906225746840881
-0.5463934235224392,0.8833333343341776
-0.6245643269561612,0.7837874411454064
0.6437097890664645,-0.9674026560768394
-0.7491807049692036,0.7226460812044155
0.9183850038874559,-0.7998004820318567
-0.5683849394733653,-0.905349855883965
-0.7713599678962542,-0.9089562326608243
-0.8726501562882922,0.4925270647553901
-0.8377141402085975,-0.7501393118913782
0.7303947338155354,-0.998013073462882
-0.6649006583949308,0.7873690273942866
0.8674907081342231,0.6386049872672808
0.982147171704389,0.3431687202575564
0.642139164917962,-0.9532476019756542
-0.7665326181892145,-0.8269492977433799
0.6787169274427758,-0.9478480671882343
-0.8477827146625305,0.7110207662676848
-0.658768333480547,-0.7963955852592686
-0.6304971623829827,-0.9860697923197665
-0.8124893163722937,-0.9780182212261661
0.7693162322099356,-0.6781961137030659
-0.9934491306948243,-0.5083088885928009
0.6592468099266651,0.9099476801004163
0.6277455077547947,0.9078282413534065
-0.8131719875813119,0.6801481261948139
0.39663303778141956,0.9225688462990109
-0.1412788728218095,-0.9920250406564066
-0.6608391302825116,-0.8646550849003887
-0.6421674483519346,-0.921475708520332
0.4701777816765873,-0.926671551589973
-0.7851481932233046,-0.7045742073434471
-0.6502215033107293,-0.8545444274752831
0.8165679528026895,0.8131684021231453
-0.3663428194766627,0.9426517743330804
0.8376807996549627,0.8338128203995698
-0.7694019483973091,0.9839116528821379
0.9847155308002011,-0.21586626476491344
-0.8581494747642902,-0.9160262387262328
0.9431841305696336,0.5280373044609064
-0.8789789144360962,0.8967009164017803
0.8160522625637516,0.6253971601729855
0.8561244439787858,-0.7602888331856741
0.6242477947393508,-0.8323385771864498
0.9876018429627429,0.9424131016121005
0.586682113223024,-0.9798798532843087
-0.7888618651190746,-0.7316971059798889
0.5723106367463715,0.9791454417730299
0.856473844925763,-0.893356884245804
0.9987424570026451,-0.5652379757445916
-0.9918091169137264,0.722654914480106
-0.809940188861302,-0.6217049362161988
-0.8542729656316694,-0.7473663147511795
0.8946922994802933,-0.8394277467712428
0.9011460947307368,-0.5097068094572594
-0.9968995882476228,0.6663050094055207
0.9765848000637265,0.4315865180006295
-0.7808341918223365,0.706835365117094
0.8983771282506083,-0.4829048711546866
-0.7804260529210167,-0.9878025078981727
-0.6326419843800237,-0.9975482255524564
-0.8615849750567808,0.8654429173184837
-0.981841754180643,-0.32044077103125623
0.7626280459863963,0.7134246305881928
0.9292415168011083,-0.8750786559836028
-0.996025419843855,0.5039074294129064
0.9716949460535429,-0.2660558481608013
-0.7219275166421519,-0.7538162874748162
0.9251364625506913,-0.3938831191940366
-0.9519458539227834,0.34486717303434244
-0.9985205079877018,0.8629887307439412
-0.7954450888552609,0.8051219267507124
0.9759258391967938,0.37770966092381664
-0.8773156933311499,0.5592926517905599
0.32359285855654507,0.9764423451201585
0.34819308353468625,0.965124041471725
0.5556235344323606,0.920327141221813
0.8178238861239038,0.8953710340833467
-0.9119944490659231,0.7439721073494197
-0.7649393465766219,0.8997893176143488
0.4018143437912993,-0.9347716306205733
-0.5370218452324247,-0.9503444559007628
0.8557669256273039,-0.7883441034448209
-0.9840036981026019,0.7983037377130964
-0.9801464446251131,-0.7871392902207628
0.916879346117681,0.9279858337384546
0.36113875042721366,-0.9719412264279754
-0.9482779665292502,-0.7236921547821786
0.9611513551066926,0.635923774433202
-0.7428048621481065,-0.8645937445776228
0.6729841476211422,0.8381533391156362
-0.7588589354026107,-0.7134241609639207
-0.9156343177963318,0.8360436467198136
0.8685627961281397,-0.9589877684896766
-0.9236087233940047,-0.7199595441534925
0.8839924395925598,0.7975893938353482
0.815849300123825,0.7878396210611311
-0.7374661354461542,-0.9941382473103371
0.6748629807175575,0.7664465931575077
0.993477408697174,-0.6168237590876826
-0.7909447403923286,0.7324866545164581
-0.9598841676250633,0.5192143643708642
0.6106581541875629,0.9669145440761979
0.6268356885577127,0.8205103317856122
-0.9352969545721299,0.6221232556133858
-0.9512257232366763,-0.7517564396486447
-0.757284454177245,-0.9621232981104759
0.5061214881389839,0.9065458484795659
-0.7626215612420819,0.8059711397550691
-0.9426618681041776,0.5306731461317575
0.6909814371890082,-0.9897707125408921
0.3329626077485597,-0.965375289706977
-0.5173136314589086,0.949387188475159
-0.6916364061937978,0.8758878401491323
-0.7107724621445364,-0.8601861975579674
0.537864713813412,-0.8777070838005803
-0.6158789794396478,0.8587505050758324
0.8989525357335317,0.7165713266191496
-0.7457205012454982,0.956897774856373
0.6257969989804053,0.8774698601161948
-0.6465961838673719,0.9467806371138081
-0.7447601762124734,-0.9501147595902046
-0.8822109521975965,-0.8298107650169624
-0.8987277727034428,0.9613901056682026
-0.9551410169239865,-0.4019683637464464
0.8932691768484875,-0.923106989809815
-0.807038373980651,0.9557093245196442
0.6087014926710803,0.9780891820571187
-0.8049052291935945,0.7838781134483099
0.6446307992590623,-0.833607783117263
-0.9678647017362247,0.2722756335661294
-0.3607489888965474,0.9814199679970066
-0.5489174086994633,0.9523136247971149
0.9925785199102624,0.9060505189809964
0.3044879863877219,-0.9572477922710372
0.9247833963638614,0.8317853138776097
0.8267645518701663,0.9208094662695612
0.6525941266222197,0.9459267943611414
-0.9151064294023656,0.6332676477428143
0.9709126570471076,0.8244440419180707
0.7186980683853674,-0.9718374617609251
0.5442734028847622,-0.9203958635456362
0.659376000364329,-0.7793711199895177
0.9361651775384063,0.6359983800089328
0.904729737485928,0.9760156417248633
-0.9687314470131858,0.5947750307453537
0.8738458576897907,-0.7420101999571522
0.9726918805692297,-0.9310960435153897
-0.9493879145850876,-0.7541133826215685
-0.5881389811964985,-0.9426570591823991
0.9683606470959931,0.30277184374995736
-0.8763924914766421,0.7160999697759436
0.5989820812429285,-0.8368872604820072
-0.9439720836356953,-0.7626456164345863
-0.8063086601851464,0.6973775963798787
-0.9470938811435519,0.7044213080695712
-0.9701865355190396,-0.5556549842869383
0.6550759333245475,0.7866403920509752
-0.9674290638912748,-0.7755632645474959
0.5923295314537693,-0.9019738276503579
0.6336747849981981,0.8360550807295797
-0.6396846987689353,0.8113708242249094
0.7765001186739175,0.7849280575793305
0.7321887598965287,0.7394683598517706
0.5852490148706462,0.9659983476410634
-0.8410900705848448,-0.5692278366126347
0.7884645738521237,0.880439760286124
-0.8948565326328912,0.5234978912258446
-0.9600311814444054,-0.30340960416616336
-0.9811890510721737,0.39700012333278134
-0.760116848527653,-0.7502297093201373
0.9488397574941254,-0.8386437670757243
-0.736107672358105,0.8435474178903073
0.9107522369468719,-0.8977063351141337
-0.3861331396567447,0.9349388899267805
-0.7904522110222567,-0.9469732471008752
-0.9323161761132039,-0.9546591307317966
-0.3906583299766022,-0.9758304292928544
0.6866799693958474,-0.7726495251183816
0.636599945037299,0.8792540210617297
0.9910934496984796,-0.6364784489446904
-0.8976910584899562,0.8211613849525001
-0.8910292053424882,0.7257362352668657
0.5119186229093691,-0.9363251766282146
-0.7750639641729473,0.7218062464371942
0.5475662046899039,0.922952987788954
-0.8247701937175862,0.9294921467691877
-0.37697023795027507,-0.9385799454887378
-0.6550316802166709,0.795642399870305
0.9968611982115649,0.10187505727912671
-0.5594387601870197,-0.9831638170668906
-0.46832361426204616,0.9782512031612998
-0.967591060870302,0.7104593979833835
-0.5362200318586685,-0.9164965357046102
-0.73088088568195,0.8492919247915776
-0.6072254960845231,0.8258820856769551
0.9713010669714315,0.6083467419598474
0.5084025319337475,-0.8730484879200926
0.8443739419507448,0.6628026893440566
0.7354757064051047,0.7022012420422314
-0.34813405254729357,-0.9476038086935004
0.982385769561182,-0.8640633900854242
-0.9706171145291633,-0.3985434334864948
-0.9928315077750107,-0.5000223444494343
-0.7553918505892496,0.9872266484035341
0.15753668768696572,-0.9918963302948685
0.9435896583079249,-0.44543426838301303
-0.8675556786306868,-0.8274887100613924
0.9329435546796685,-0.37344592000046894
0.9674708137321688,0.8401378712384715
-0.985007027199047,0.27513047238322974
-0.8600240779137085,-0.9494277968511469
0.7129270854509593,-0.7739134292234577
0.7007571010258904,0.9384481675409091
-0.4752180996237749,0.9485332612530957
0.947725485060555,0.8623488250611975
0.993677255848936,0.5798860695306955
0.8719686837779319,-0.9339452018127994
0.6796579063551256,-0.7920211557807262
0.31052328561155074,0.9663351051265525
-0.5087384216907076,-0.906594642447202
0.7675008768922849,0.8259451543334666
-0.9697576035125117,-0.45756628390358256
0.7794117549337487,0.6684023085092556
0.9767433811255821,-0.34698932880985733
-0.5394661135234067,-0.9804342090533729
0.6216462216756411,-0.9811042875855911
0.9796901540116316,0.39089892280549665
0.4982092678980159,-0.9210439230671126
0.6109399203589967,-0.9717494756631173
-0.9747418462068909,-0.5666675002061146
0.9022796049786912,0.6502871772923988
-0.816489404063973,-0.8147960323327799
-0.8361830027523467,-0.697235178482164
-0.8111581699708021,0.7839983945335205
0.7464595562117575,0.715544819155753
-0.970664652002865,0.8259152314537004
0.7513973172377897,-0.8713077995702272
-0.26496702636099867,0.9800976877339778
-0.8351296996630444,0.6158259925839273
-0.9064858920025376,0.7705944920401309
0.4958641630728078,-0.92354025960435
0.9012347196985011,-0.48142043635885945
-0.9129894448013536,0.6741448023072798
0.8220277869894883,-0.8165739096471925
0.8453519373116849,-0.9730628541352795
-0.8452958786748552,-0.7921236029951468
-0.9028840139038672,0.9545750278449079
0.9759410020722354,0.42050395159878917
0.9654966185300207,-0.7994951194773674
0.9718424387307654,0.8191741133993828
-0.941753430234862,-0.9596527013560427
0.7694442349198205,-0.7237204449188885
-0.7190755508924189,-0.8758514207710444
-0.8537882149512164,0.7011531440051992
-0.9720449660262331,0.5631145344553483
-0.9298280885714101,-0.4141405359770758
-0.965697578830405,-0.6005932235396876
0.7443290671146703,-0.8671751181360756
0.6861633738713735,-0.7817735071537317
0.5712154160036627,-0.8733103803016691
0.5089105403653911,0.8911784517997694
0.8112718882006791,0.6209041384527503
-0.7808197452295695,-0.9052681175813759
0.7515182805982299,-0.8841634507007172
-0.9970396162859123,0.25839711687672984
-0.4127402350037441,0.9721344632640765
-0.9514608309685251,-0.8698724469213148
-0.8255888303515044,-0.7210494902321967
-0.9933356992965721,0.8146096735541042
-0.6681781456836591,0.8982534368652608
-0.3416222558925681,-0.9443981059800441
0.9649620471361247,-0.2907188419745488
-0.9728483944526414,-0.9097138485050213
-0.7797088183245173,0.8443464512596182
0.5559466733661789,-0.8821147714186823
-0.6238881499687421,-0.830379952319044
0.794010099066899,-0.8079273447407711
-0.8876854064283803,-0.5754310162170813
-0.9832389141046864,0.9070555383404484
-0.945131887479145,0.6716109446999192
0.8809705954800575,0.7752735775811035
0.791374325312004,-0.9732241424560697
-0.4583324430635012,-0.9317320217723442
0.7378355455095766,0.8621470971157341
0.4141944317506714,-0.9570608658898301
-0.8805435481568711,0.596261807813905
-0.9863649630315494,0.9201556891178311
0.9289987295766404,0.8208114895455665
-0.5947210711813584,-0.9047189224010375
-0.7299940667183991,-0.8787863736753534
0.9621360477979404,-0.3838954627179083
0.6522902897266174,0.9773369565118533
-0.9820609004760323,-0.20164954536578383
-0.9521001331562435,0.8473116150181021
0.8787261610556951,0.6653036122655711
-0.8744615525811192,-0.8735402913853394
0.8322413970126381,-0.7497384441209967
0.9412168045293454,0.8758639665690995
-0.856418684658421,-0.6634039609705904
0.5662221532743366,0.983725496628969
0.9883058581836959,-0.575452134229363
-0.9008971462301492,-0.7008595675756453
-0.9759429322683482,0.9178094200611595
-0.8569054677303074,-0.7977119918857518
-0.9425084011811438,-0.699137801811325
-0.8270415346138948,0.7066966348688393
-0.9911972629924768,0.869161548395156
0.9126037935103131,-0.7030609391420788
-0.766011876746457,-0.8296850646420528
-0.2842496078158887,0.9819652007054698
0.9448677885625891,-0.711829168803968
-0.9499692368693786,0.8176452438402229
0.9487923386525758,-0.93432983505411
-0.6204184425661508,0.9936282721547531
-0.987340705587751,0.22692313753915916
0.7594443005898237,0.7636113681073324
0.864705264027344,0.8924794989229383
0.9024059375402018,0.9164527458062415
-0.7728850702836265,-0.696680413225081
-0.685211636914594,0.7372100976463369
-0.7168911894750536,0.8603951373856944
-0.28752907842830777,0.9797823670651904
0.7377570769871957,0.7614458212744648
-0.5967688951430017,-0.8279065299624244
0.36756069291058946,-0.9347747875713515
-0.8377583823008821,-0.6666108239468285
-0.42649219671890704,-0.9651302890317897
-0.916491606054969,-0.7351156507600276
-0.8634021491664372,0.8574030941562709
0.5865214760812292,0.9107248788001099
0.43906730257046833,0.928490306558756
0.81792241687013,-0.8493150823673026
0.3357146903550128,0.9969389681211003
0.2725961810600661,-0.9932319690076861
-0.6745440490647503,0.8264651430598982
0.8521531123306056,0.961089075745021
0.7543463088664624,0.8136385012907676
0.9730219400370568,0.4008282440389228
0.48665774058449207,0.9845782516923678
0.8203083186059847,-0.8667648939892769
0.8677199562137152,0.9725815647831615
0.9518786978245177,0.436442494512739
0.9880617602230393,0.2622136821882932
-0.3825619473460462,-0.9869015501790641
0.4804882082064743,0.9777814238822231
-0.7625630352160657,0.8855482434210502
-0.7382530071738862,-0.7759282802637102
-0.42453577011831545,0.9937894015284112
0.8383643065404809,-0.8925027974043205
0.9051635324393383,-0.9659643132203868
0.9956279237369239,-0.4112270712567092
-0.9029619136881364,0.7132454363354921
-0.8140388311969846,0.9569561432176223
-0.5985628842234318,-0.9104640005306182
-0.49716301937639473,0.9053029031800237
-0.2838844853399556,0.9803343547104648
0.8831694271563248,0.7512620346104115
-0.8793398258723095,0.5792547075881658
-0.7883332305059643,-0.7211499878658398
-0.19252438641507474,0.9880593900061267
0.9184690920343963,0.9647760611786453
-0.7249882188320493,0.901155318613797
-0.786860004740914,0.6820242621529025
0.6621818358451106,0.91345780928426
-0.338219185213565,0.9731828807441862
-0.9942792243831498,0.3912784636424411
-0.9720473633356101,0.6476877698201255
-0.8717090322603487,-0.9698550671435653
-0.5455438794824121,0.8733824077151633
0.7398331855681193,-0.9864153297846854
-0.8754020916878287,-0.7224870846178262
-0.7375169865089475,-0.9347991796168698
-0.6111094962897596,-0.8475320603789751
0.7060706663044196,0.7618500110483868
-0.8528441662010549,0.7015592399029031
-0.7888212824355785,-0.7492716732263818
0.473229194390983,-0.9228268565890585
0.8242251356740209,-0.70689670091195
-0.8082215178976284,-0.917017992842406
0.9786808515693637,-0.48377326161843026
-0.9504766191510015,0.9478270850360195
0.67928508728532,-0.8082265305233018
0.8554119739531798,-0.7790297837971216
0.9423804257456763,-0.40012555998536725
0.8384532158768527,0.603359681479138
-0.5068981649882001,0.9744079605752702
0.9478780418893837,0.9161643590933346
0.9214968517693432,0.6121366192570101
-0.7882767226727907,0.6823443385945513
0.9567793819012504,0.5083689419243405
-0.9517680238184021,0.4691384865032715
0.3503983847829204,0.9658641401210677
-0.9714397901139527,0.45367179616448605
-0.7431996215625021,0.8741399971108941
0.9875534851411549,-0.18979983483545193
0.982206504074209,-0.9765440633810996
0.9449148554211506,0.4198928673625877
0.8241941573052973,-0.874520566486563
-0.4776825108327407,-0.9557043474242475
0.40367872236770497,0.9772281508302156
0.8827705958984051,0.960710935006851
-0.9539915979612115,0.9702591738889992
-0.8220064279583084,0.7826961039443947
-0.9497985010190573,-0.35601451445773624
0.7031416993918189,0.7958706938800786
0.867718911276693,-0.6831367165245941
0.9530091975759187,-0.889836176929359
-0.6652227682759915,0.8014214708493514
0.9944656325459629,-0.6054892115678543
-0.9677678569477444,0.8045481341000786
-0.7222205277663347,-0.8259975831287487
0.8748607784625988,0.5805573243636195
0.9586960979025521,-0.7388940833667508
-0.9784396851686388,-0.9025359779608388
0.8611846930190907,-0.7319421997253315
-0.9770005103241486,-0.43287822468469495
0.9985027336008299,-0.44459507067846915
-0.8521575586003252,-0.5925378529233494
0.9676530300595771,0.6546950483240201
0.646173440813425,0.7689082656414703
0.8855208964194989,0.4732614721360686
0.3646210853986356,0.9960455373608903
-0.5113754033796416,-0.9036525206024366
-0.8281097336064371,-0.6845489776375977
-0.9653345267784257,-0.9219951390920045
0.7480506724264562,0.8083559483741609
-0.8514070514797769,-0.950703722048333
0.588995232320066,0.9953425208028182
-0.8317334376188186,-0.752223045985948
0.9442047220816692,0.39329278366490383
-0.5126043038235595,-0.8798934531177145
-0.9342459003232497,-0.9170127698649839
-0.8272883655277017,0.7705155928134133
-0.7860261799200674,-0.9312965349402593
0.9769161680734944,0.23360704393018472
-0.6847093704342326,-0.7570458057203033
-0.9306146920342873,-0.5175947642892373
0.7877036420864625,-0.7355949930375061
-0.6737921436538317,0.8026324281367201
0.8534244523631933,-0.6091933836231869
-0.9474296066786223,-0.9185322078653753
-0.8595738646302835,0.6323443809165326
0.8372080096282339,-0.8167783822212007
-0.7729566065217846,0.7313682246564244
-0.7588725598702164,0.7433629995277393
-0.9742886704894198,0.4399357077694728
-0.8679302006378902,-0.5142220411553502
0.9480196318160299,0.9563634878867684
0.443361995268323,-0.9147239766515194
-0.78570003144254,0.6780851282269957
0.445735257090891,0.9008719277126422
0.9043045445927307,0.42926888288486387
-0.9124534098713559,0.9670138664191472
0.7970310692464753,-0.806759135134403
-0.6758315132224297,-0.8516885006656612
0.5542028434503095,0.9988365866603619
-0.7649506955415826,0.6660735172703851
0.9802542725289207,-0.7589421095225983
0.9290198162491994,0.6271283930226119
0.8255239045414609,0.6614509366832593
-0.9936632168072521,0.7259360642486157
-0.7099646069955394,-0.8224718469731325
0.8270195865101351,0.7622282733090713
-0.8797668338077742,-0.5996063442691173
0.5198859188204346,0.9278125449867578
0.8167058898368038,-0.9485085537584175
-0.5661306697179136,-0.8599413470538668
0.8078470670523483,0.8408175349515956
-0.9843813499476932,-0.38422438397297354
-0.7960962838192689,-0.9503020324023159
0.7198928996743204,0.8991226433962554
-0.6941206400107875,0.9908431137737557
0.8468685560008535,-0.7505481485107397
-0.7649490031553667,-0.6745062662702324
0.8793495865633385,0.5068926606882931
0.48187075041024063,-0.8967256345274754
-0.5994246050830592,0.9794911389311465
0.9225522082129645,0.8623860278373374
0.6446071725929727,-0.8761802605169486
-0.5034003828145839,0.9861812876637699
0.7507594733415957,-0.8742705076158352
-0.8834311235068653,-0.8078645246848906
0.49502508353123087,-0.9314732855235623
0.8681351039698855,0.5246680468936222
-0.9084545097647907,0.8508306992033849
0.8076864836664146,0.9003073847353409
0.7227083133059911,-0.9364778962170464
-0.7217450553823794,0.8432634774175798
-0.9680259035220655,0.7688483076869186
-0.5237510846019322,-0.9191199817212865
-0.7326372683000364,-0.9525017157784981
-0.9097747621278536,0.5700665187172747
0.9694259994223655,0.5652618345202809
0.989535821616951,0.17574630060070295
-0.8970213936899198,0.5983537439797835
-0.9849302510553495,-0.419251854207193
0.9387635074520522,-0.4128086477734991
-0.9563839494736828,-0.561846112562508
0.9152983943389024,0.4888661039633624
-0.8813556908615274,-0.8182042095913484
-0.7046538800896098,0.7813361463983373
0.8399804348142759,-0.7287463269449606
0.8838273048360195,0.6094825987049581
0.794477959471156,0.6828693544723012
-0.8750929237902636,0.6298790232755413
-0.9481787410178748,-0.9304187519930207
-0.21267259111877834,-0.9775390632771472
-0.924493892686364,0.8256762776105186
-0.9591885911883864,0.2915943924219546
0.4976708719995273,0.9836649552276897
0.8912982701074708,0.5363588990549424
0.8414476847832186,0.8634111861075395
-0.4821931323375732,0.917596885694554
0.8109952208770885,0.9271923363553516
0.4549315906706346,-0.9176802040583949
0.607189519719544,0.9513643958449385
0.5188019946521691,-0.9352175442473438
0.8306949775725165,0.7766350822412464
-0.7133895563157193,0.8350953856024681
0.9433121270620339,-0.8028412029455472
0.9260195675965333,-0.5760603838492688
0.936638870559203,-0.7824804275105774
0.9215342543650888,0.8972445655734145
-0.9213689920868713,-0.6714943670529196
0.6618225105029889,-0.9596509975731755
0.9366938481498406,0.5499154002857118
-0.8694036536188259,-0.6568351005188136
-0.9948690887403251,-0.3348214510717984
0.6771804980418517,0.9947628053125406
0.8562632731927708,-0.5955687182490808
-0.7771417498488578,-0.9717495826021809
0.9428238525719499,-0.4215987759510478
0.890245402348069,-0.45616164300168216
0.9149023953287612,0.771825805090784
0.7473201594340011,-0.8602680919991772
-0.9627283748219282,0.6491598803768939
-0.8743272000191913,0.7482487800712279
-0.9955627086354788,-0.8049918880536726
0.8946280169902239,0.48267298025247896
0.42730174392284215,-0.9661010823572811
0.5060869475662078,0.9535720820712317
0.9282660959855724,0.7253109347594091
0.7272214327300264,-0.8628833372412461
0.37963357250788055,-0.9878748966120507
-0.7680853608725917,0.7615998721684203
0.750802144226252,0.9722903331818884
0.9880715014477468,0.9339782897225972
0.9551777688869083,-0.4214376418129404
0.9907112367534212,-0.9303496481852229
0.8676757183214494,-0.9343571363696055
-0.9638860352642027,-0.9860290267834078
-0.9844100485623841,-0.9864314167483983
-0.942205109069586,0.7488585478865244
-0.969040150591725,-0.8286374471278362
0.9991412608438524,0.42445205914503426
0.9450109384833254,-0.5123528118129439
0.9552375789353105,0.6575661027073725
0.7953052859514835,-0.8847781963021304
0.8755776838898714,0.5307021829430596
0.9895607731558265,-0.7578336646070165
0.8412808166362666,-0.9635946235726005
-0.8456669159663714,-0.6877185720489272
-0.8959067324393328,0.4983795247399476
0.30758556755938593,0.9656396091951704
0.952145225517947,-0.3925466884834903
0.9422771588438579,-0.4216098030127071
0.9742568184850324,-0.8085611367503798
0.4998920310381638,-0.9081371351666703
0.8737479924570868,0.5769359928755764
-0.6278467644378318,0.816615083847078
-0.7699417525448051,-0.7866158743770861
-0.9216561993627248,-0.8170259000363533
0.5012912267676397,-0.8900510412289864
0.36306421002883993,0.9679697264485403
0.6287895799505123,0.9839239770110049
0.9508963296578894,0.6111665836385143
0.6791125809994718,-0.8498339527630019
0.6531647630650355,0.8995962343578228
-0.7308168309674763,0.9524075664447813
0.46592340861470793,0.9919294151667313
0.9402595465778354,-0.5129659706082974
-0.8633208384037827,0.9589039584625996
0.40531675199865536,0.9553731751039927
-0.9080600630285041,-0.7544859219962028
-0.939908524828345,0.6953057204416415
0.9611533976299693,0.7888557530598355
0.8791006877021657,0.5617733268266163
-0.8938241844926826,-0.5539135083086981
-0.9598892571480826,0.8562584822376036
0.9537941222588593,0.8103969003240763
-0.8564641013428258,-0.6527554185266793
-0.5071444868518549,-0.8714706258019336
-0.9805351739887347,0.5499611566525782
0.8846371554815509,-0.6340766175590371
0.8484926800815791,-0.9009622149327798
-0.7561304182424171,-0.9026350589255752
0.9726402731090646,-0.27056137343498765
0.8058327694755474,-0.8517280358845292
0.5926939778000413,0.9381903175281512
0.8164491219264154,0.9347622266827469
0.9096191402238014,-0.5292717665828819
-0.8421498093144166,0.7182458793363877
0.5418031801233159,0.8608583977352189
-0.6922169350944278,-0.8366387875081474
-0.8593466614866245,0.846276898905971
-0.9876805217927673,-0.5754479651921998
-0.9527794828670906,-0.3661649844799024
0.980175879972488,-0.9208903075054116
-0.2577904945926899,-0.9745555375299428
-0.8053883028653623,-0.8794119330564814
-0.9387555210945135,0.9300177407279311
0.9899656411140538,0.3779249692293265
-0.5961394782575451,-0.8845553784157894
-0.9324261172371964,0.3855988327707518
0.9307154110296703,0.948838121949743
0.5029618271183418,0.8726369851880533
-0.23836213555278096,-0.9933329129520185
-0.8823377126641514,-0.6175494762778573
0.7380617974543973,-0.8200486925196153
-0.9299181949836961,0.41649975665054684
-0.9953584230173438,0.47752109862988723
-0.9191406446772648,-0.742062983007052
0.6721531320187779,0.840670466676106
0.44977806933422815,0.9634443697502653
0.39656616975105274,0.9213218920386537
0.447282332531473,0.9043127026563853
0.8546579121986768,0.5341314135673336
-0.9248405107019186,-0.40919652365803394
-0.4573808424141703,-0.9131796187375334
-0.6230658003471978,-0.8425727870470507
0.9680405913165111,-0.8187658657349843
0.9392485229735019,0.557918422609162
0.7594588040506269,0.9272019211641551
0.8043152796083166,0.7997070823244827
0.9906808078434133,-0.9516898401497329
-0.8106589444858563,0.8780679855982196
0.9557020780661389,-0.9759618182388834
0.3467392473427253,-0.9422160529468382
0.7706450142244536,0.6648703988770794
-0.8463542723547752,-0.9887601437199234
-0.9970735799831394,-0.9520640130215916
0.8325952123244331,-0.705762256142284
-0.7763833266765836,0.732120816332605
-0.2211085848190344,0.9853545764416369
0.9307624902459211,-0.4222961902698781
0.5372864326505495,0.9592329294754252
-0.8342586451290643,-0.8956654803519983
0.4520308718316388,0.9737617879067866
0.5553763093263293,-0.8336586361847764
-0.8340513666716005,-0.8983512044163291
-0.8970585141488725,0.9364346737915044
-0.774733990933774,-0.7825129767867423
0.9989118532446968,-0.18236315548709192
0.9316369202301529,0.4285307644419982
-0.7418420302103241,0.8692557627021225
-0.8973421901266108,0.7917775547400225
-0.8988288569694465,0.9258234863569967
-0.6169647856466667,0.8319749598154216
0.5557333726320139,-0.8416399683617504
-0.31466232734956145,0.9783848690016357
0.5563310151315606,0.856624457755182
-0.9024879220164423,-0.6379397721486959
-0.5852180945022292,-0.9251567160878422
-0.9915212909856503,-0.13530521498684966
-0.7926577738684868,0.7582074315230103
0.625926848723239,-0.8010936659082362
-0.9254716707662778,-0.9267933724015756
-0.3433363166035741,-0.9419828499828533
-0.9604607279055013,0.29995106105122216
-0.6747645814352758,-0.9676331640460165
0.988564995564243,-0.9802869126086282
-0.8248200974301694,-0.6305261752431686
0.79585845150923,0.7907788032258056
0.953192041585065,-0.9522823499150437
-0.8167482290890673,-0.593576848142076
0.46685018897202424,0.8872684790602088
0.728791291950386,0.7895140539763867
-0.8385310117541462,0.7450801199105961
-0.8434876026285816,-0.7475608356734973
-0.4855480650945041,-0.9766242648679857
0.7778673540229051,-0.6645726171896544
0.9406776119916982,0.8739849279397707
0.7756610992351305,-0.7223156114008142
-0.8551947179373063,0.6874262276410994
0.9584246829644145,0.9967000150250365
-0.9708934428948954,0.9926823933416207
0.9027451654670466,0.7055385940119905
0.8339764965226226,-0.9776322270650708
0.7957144601942607,0.897287186348112
0.15744584826531738,0.9890893031127208
0.823062854739733,-0.5805944152886899
-0.981169579004701,-0.7465655824171735
0.9477299935958636,0.720131360890385
-0.936798258592459,-0.5832569727153225
-0.2142146400486773,0.9990340243227331
0.9150118710378119,-0.6305756934894433
0.7687922775321869,-0.8164378825254652
-0.9959202166958463,-0.48433098942115116
-0.42761002574625895,-0.9136076992860596
0.7336714032981,-0.7035395868681282
0.7723259215409126,-0.680068616403805
-0.8688625317982099,-0.9327142729631479
0.7590016358513831,0.8054099925735172
0.93254937656183,0.7114670505506349
0.4416797760211022,-0.8996378660220685
0.7826976899335203,-0.9137172891940897
0.6200357019411393,-0.876680652605027
-0.8261907632567158,-0.6666235684337645
0.9523689337311056,-0.5088867078694754
-0.8219878008168056,-0.8219673150290134
0.21344322454864617,-0.9978263324354915
0.9954318316981445,-0.41897119976679287
0.9541136442504783,0.371304091001595
-0.9222645889649881,-0.8121550350215676
0.7420210445145092,0.8340079468672044
0.9397002756687729,-0.847206178905078
0.9576166468193441,-0.7476248524697628
-0.46200324177755614,-0.9550178272814662
0.9717231983419377,-0.677359771161661
0.7566196904782874,-0.7823623747813322
0.7381378470947795,-0.9020860684058696
-0.5206371230001263,-0.8979934014834097
-0.9669570020696836,-0.445639815535241
-0.9086797105413384,-0.5039638669270818
-0.9394367328021735,-0.37038854589550607
-0.6908684946564125,-0.9615624960534503
0.9487320247543249,-0.9124563511884958
-0.9335667378287771,-0.8825471536487959
-0.6403714360067538,0.868859739194862
0.5645110710749051,0.9236754487282639
0.3539256391438206,-0.9680525454587701
0.6695379757293025,-0.7664808559962146
-0.648027396474476,0.9615327593805043
-0.48349605889849134,-0.9602992010024669
-0.959250605622171,0.3658193143276418
0.6422119847449697,0.8284264445380456
0.5663694331593301,-0.8582153334603788
-0.9405551871242612,0.9948217033435431
-0.6298582979117382,-0.8574242727631842
-0.9117515664276263,-0.5297757944327974
0.9757523471002978,0.3360776952172939
-0.8782195063938716,-0.7052420100134791
0.994675462285947,-0.21706680877910323
0.9462635833729289,0.7894390985479955
0.7555964702269495,0.6968114399500132
-0.7604591124956366,-0.7617686375354926
-0.6012624270673885,-0.9823404124211024
-0.9974439050174437,-0.4380650285167449
0.7672728823920159,-0.9228689961000327
-0.9214316344805615,-0.4019483877192336
0.8614719944585907,0.564604765913646
-0.5666057714826018,0.8434206066381762
0.686721402733679,0.8028372122988368
0.7362640433388554,-0.9797704765627337
-0.1410317032299402,-0.9973899786709066
0.9922784831391183,0.5634892548851211
0.570314080893467,0.8777968983770283
-0.6843001610647574,-0.7732762776502076
0.7241848007131146,0.8987282957084761
0.5927309424939444,0.8585257454934512
-0.9642656269728269,-0.4096305726526852
-0.8118074308940009,-0.6173260548581001
0.7920843058293014,-0.9045800141264202
-0.5741793460720628,-0.9457105984060852
0.7726861123602471,0.8208436854916183
0.8883643658653058,-0.9848828111547812
0.8000043846122649,-0.6466328505986532
-0.6254603158258893,-0.9102863198828233
0.7192796686942118,0.7082410096336589
-0.6494476996000056,0.9817409301648163
-0.31331212147646004,-0.9744410860173993
-0.8960265591462393,0.8866173871992071
0.9666676777638539,0.25789072489971065
0.9909076950975353,0.2774762648810021
-0.4417568990960161,-0.963416842283898
0.7536168444980953,0.804181978621066
0.5009923884843255,-0.9060327863971993
-0.7337643872450896,0.8955167300156244
0.9437112454260146,0.5974542773098019
-0.9986192058577223,-0.9705043570607941
-0.6821920273873945,0.9756061209168183
-0.2828723405879552,-0.9726093627122787
0.6430967553365619,0.9704088986285051
0.9238704480214168,0.8834998150499884
-0.8770826487640091,-0.9557415600759027
0.6890661491418204,-0.8437698314564781
-0.806932102635388,0.6953019601073458
0.6077855613539567,-0.8304640765216893
-0.7719148433467626,-0.8999805404335728
0.9208952446443914,-0.7047907406177865
0.8713028230247,0.5904623287497346
-0.6976615076175112,-0.849441674283832
-0.7481234463842927,-0.8299612682326041
0.8485251422296975,0.7351593647429064
0.5415639333882785,-0.9401145107179252
-0.7827083871895748,0.8819690028885423
0.6821158609178839,0.8733460106671127
0.888562854617251,-0.5770598495263788
-0.6592502386224326,0.8298124713507808
0.4083201601608655,0.9492274202036075
-0.4474795161401699,0.9589722431471048
0.9574325500337899,-0.4338252405536378
-0.8925764673984407,-0.6739305425155924
-0.6144093480434782,0.8672798747202746
0.8268197563640975,0.7878920650728665
-0.8502691183286086,-0.5518765746330563
0.42949965592445594,-0.9109752694659987
0.5733092497894205,-0.8988497009862704
0.9607191126932333,0.5996399060843649
-0.624457311010052,0.8380982510153905
0.6230106711579084,0.9345264184815265
-0.9178569838753396,0.7482505549791862
-0.9704709170590586,-0.38344731768442153
-0.5140843517899663,-0.903080503073098
0.7516722883431113,0.9845792591382887
0.7715294371868138,-0.9933104142947375
-0.8829955683724258,-0.9137288815986275
-0.9849716968667293,0.8224472432185952
0.9798641141457665,0.5933189224003639
-0.27646628109870686,0.9928463238375012
-0.8538763970202659,-0.8914768262537554
-0.24906470631999378,0.9725693382951759
-0.8408325510916477,-0.8535043675190039
-0.8287604084824394,-0.5656279652202594
-0.4106650792133566,0.9555927520809226
-0.7467937897947923,0.8762054369212564
0.611542336468764,0.9232174554462451
0.9611940025513985,0.3252690837595793
-0.8166736262798346,-0.698125406450774
-0.7690017270967424,-0.9935051585083476
-0.8906154426809454,-0.5263655784863845
-0.8066276469760469,-0.7789406605082463
-0.9465321388807231,0.5992241705918586
0.6615687722682446,-0.809497110639912
-0.5746015259025419,-0.967369022657844
0.40842474718953703,-0.9802692608912349
0.8230478495035101,-0.8027132194853217
-0.9649417572534889,-0.6559212332876303
-0.9692067899237329,0.5053406021089575
0.45864464803772775,0.9418687490898814
0.9978071924133887,-0.18527138666718557
-0.4670653018974933,0.9405525731549913
-0.9154361527669668,0.9069760034754233
0.7883590081042195,0.9991510881818568
-0.9700790413312568,0.4652464676756711
0.8597643491946005,0.7252789650768656
-0.9019010452200513,0.8233607242662913
-0.752252001596379,-0.692676922277655
0.8251780744745296,-0.9870823035511502
-0.916524370212864,-0.812440063739049
0.9189850076549837,0.733860063703057
-0.9996920679156578,-0.4973600661464439
0.8948402568453113,0.5888296158233286
-0.8788469428082406,0.5789951880659789
-0.552388945880659,0.8453795494305751
0.6244792591795121,-0.8096970240294452
0.9921314118550582,-0.39579487346916875
0.5064583015347546,-0.9146626937272455
0.566176881752126,-0.999333237407954
-0.9403913349678037,0.9328196495657963
-0.9431481456408766,0.6895506537922766
0.8063600805458242,0.6216534435516368
0.9939198325235516,0.29139001287649857
-0.9992995681188173,0.6997022034358904
0.3938217647714757,0.9269015909379263
0.7861145648753984,0.8259033620496494
0.9186353397636515,0.7149497987959159
0.9900761240781641,0.8578047840144354
-0.5628201753041395,-0.8295121447458775
-0.8318437494479387,-0.8969007731772418
-0.8960479063455107,0.5522275195956539
0.6120447589987603,0.9570167437152699
-0.7200042365587183,-0.985947719128661
-0.7790909255644844,0.7311269510174416
0.6874168592104295,-0.9169049338646653
0.6004360043509258,0.8482717246495655
-0.9723489840984723,0.9366806864654966
0.7865442833812915,-0.8494256848343968
-0.8404973854547173,-0.6774058112314219
0.9981205336966961,0.4036188970707577
0.8802770713520465,-0.6115602257269681
-0.6939336959855378,-0.9258347883312461
0.9904909230409702,-0.7152610753922684
0.8619858940282141,-0.5414749817678237
0.9065876928586156,0.921575659880159
-0.9017148900063587,0.9288895701511726
-0.9428210049042263,-0.8838284835304846
-0.8431764860068123,0.6061298576598866
0.5664774048181758,-0.8256907136318958
0.7656335595246957,0.7112930779593001
-0.7231117526180733,-0.8966261046240906
-0.6388350375217062,-0.9278119587453426
0.3040897024432483,-0.9830967377739555
0.9845787432785331,-0.8972022631693364
-0.9659348628970343,-0.6977186421137762
-0.7303307182866174,-0.9042392818369289
0.6054160632095025,-0.859930088826117
-0.7143310249701569,0.8551186100774464
-0.9246952752163975,-0.5254521571763131
-0.7322509360364162,-0.7170940274901665
-0.7392091669116059,-0.81435064560565
0.9421307242289874,-0.47740274639664015
0.7379135552652432,0.8242823400501709
0.9199975591391181,0.46490845521818325
0.3486099570289358,0.9406402440354007
0.5537161925635725,0.8992013882257697
0.9986257238581728,-0.3685076578235884
-0.8127732762919653,0.7550669413416582
-0.9892474585771436,0.4940753342937396
0.8531964755182628,-0.7908021758004202
-0.6712329949918907,0.928677125061613
0.8982784172027627,-0.9354036634297358
0.677328274660254,-0.9795094667350965
-0.9986246485557357,-0.8755210330357568
-0.6360591514697584,0.8610840096027739
-0.6921211815352988,0.8506867179704667
0.9364466631286328,-0.4084178350935179
0.37228193556554157,0.9968283742942541
-0.9773473043628009,-0.6561978834133615
0.8736321013156068,-0.8741555757798485
0.8892981868318133,-0.6017873757743977
-0.8854529976803216,0.9174158766463132
0.9615801427316193,-0.48944989555816165
0.42986988935477544,-0.9598519462146153
-0.8545184176742691,-0.80571857519663
0.5350803050192865,0.9535201490306593
0.936812772151064,0.9392299809530775
0.9279628789112884,0.597086006821397
0.4325412290393533,0.9659018796513466
0.7712272026380005,0.8395398649362416
-0.9308068775995637,0.8814618810667303
-0.696727093592449,0.9970993599095017
0.9480380401248842,-0.4971658804722927
-0.8168653745490912,-0.7408595409009031
-0.4764337610105749,-0.959565073540481
0.5528834125227688,-0.9847262157511085
-0.5528869083444625,-0.9563619052295895
0.8225995606138921,0.8164133938491731
0.8871405101529053,-0.5562074290586425
0.8911243275900886,-0.7020654328717664
-0.7340297492802934,0.6933386236668826
-0.8311923095205438,0.7659695285986678
0.8092742639781509,-0.827860473756306
-0.8863153799236405,-0.7215300724656153
-0.8925697741625878,-0.5568231330912037
0.17753416290211788,-0.9845139927384643
-0.8390403561436361,-0.5728002928402562
-0.8789577810893499,0.8788269449296451
-0.8884054245031217,-0.8567298529643781
0.9120137169329188,-0.49352007072416004
-0.8354238526009239,-0.7973903734208054
-0.5722614410451388,-0.9653346236111473
-0.9440589857654891,0.526189550443503
-0.6907751364127135,-0.8403699201260653
0.5926267590518706,-0.9826114633611587
0.9813459675344587,-0.3244700587755258
0.8974595574772775,-0.5736817934540677
0.8079587645171555,-0.7753491137218775
-0.7842143134416304,0.9140482919804775
0.5910970495592192,0.9728359849205759
0.8944979705862657,-0.6162119800634436
-0.7956588863627179,-0.9036660496368047
0.9639911083002051,0.3265695856309885
-0.9368113890876579,-0.6230345291467001
0.947073024313621,-0.5665941777178936
-0.8755035724241567,-0.9227600705201946
0.7799713404685782,0.9447354855651604
-0.5299851744797435,0.91803100745632
-0.9722925625179597,0.8935397213719916
-0.8067328716117113,0.9886233622447698
-0.5181691203953978,-0.9574016379808579
0.9765326557397258,0.3411028807865786
-0.2774090536613423,0.9820109329765965
-0.7402589324884077,0.8981785310469239
-0.7848834292941018,0.8837023655244476
-0.996642363807821,-0.3257806611095351
-0.38624500576963405,0.9727512595673067
0.43877230791962285,0.9293877980870742
-0.9115412973045853,-0.6509321354427058
0.626137719696882,0.979421090553892
0.8598692427049575,-0.90232417011301
-0.9472432349275031,0.5691502498114116
0.7491282914526656,0.8331317704697332
-0.22359505022105663,-0.9916347637275194
0.6292589131148809,0.9254299293803687
0.7581220930361205,-0.7431021361694501
-0.8458615229499173,-0.8153436281996516
-0.9349700409440713,0.6438181519481658
-0.7374787951812722,0.6837045407229414
-0.9955815437335962,0.24678034207970478
0.666595009504529,0.9548786293346097
0.5034236380497352,-0.9833254242857083
0.6393467974850078,-0.9547092237253025
0.9211896917051292,-0.8156050646511785
-0.9544629600307313,0.3628047348591543
0.5273243584807812,-0.9557147636659529
-0.8134671167150072,0.9373996685158876
-0.9890003710696085,0.25344726344636825
0.9580781702460921,0.7008344878922306
0.7320988761946248,0.9220004786434746
0.7808639358524874,0.9485108395788002
0.929952964167339,-0.5769947678943306
-0.8984273105780378,-0.5326937951936439
-0.44432260433339144,0.9066177756914953
-0.8535606148789658,-0.662179613614843
0.915483382380879,0.9812208121754193
-0.7940873554920065,0.6161888144745129
-0.8925865967353972,-0.549990372584767
0.9569641782117411,0.5174343492534332
-0.9133303748493842,0.6212069475240354
-0.829548712623609,-0.8323381510057946
0.7168928682070319,-0.7701604292142263
-0.3534778129466669,0.9776207518329381
0.5647250804859771,-0.8374585408886883
-0.6557065909690978,0.8364561324609852
-0.8310749309978314,0.9084631776799252
-0.8174846438232743,-0.6622894558674457
-0.9547056075200573,-0.8143772599577668
0.7257380360259948,0.7335882563472749
0.10059729477658474,-0.9996333623855982
0.9797405767831999,-0.9264527378542735
0.9510103340592675,-0.9629472852021825
-0.7289370713086585,-0.966286049850003
-0.6768908469640424,-0.9393336216791324
-0.9769393960014305,0.6377090272257313
0.9890058306090173,-0.9307088614382077
0.760331507351107,-0.738022685370477
0.9026892445859283,0.7568195520976495
0.9461965705478139,0.693963500552959
-0.5812696855754218,0.9368240082992527
-0.7454745129422182,-0.7969796087147576
-0.9498267813087355,-0.3404862594152691
-0.7267466434354977,-0.7974612794497022
0.8860758774889357,0.9057602511516709
0.9390315726598457,-0.43905100046263956
0.6540599234517563,0.9132165993259178
0.9782379441733329,-0.6679454798705149
0.2741313242659844,0.9851051007586205
-0.9907797485393386,0.8323546679069604
0.7912183315553314,0.9101020995928801
-0.9234222980973019,-0.560503076533291
0.8858180141310119,0.6774477241821153
0.8053015316554024,0.9322943730947684
-0.7777554780740084,-0.6607353830640563
0.9386556670487334,-0.78946363457764
0.8558701895520617,0.5483535470314365
0.29529328232280316,0.9938932539476046
-0.7641491424512161,-0.7163329256982822
0.8721278274884561,0.6580467714516716
-0.8646358810575101,0.9619369305353438
0.7204822679617571,-0.9302743295151552
-0.5037704496758948,-0.9776461648674932
0.8411989996099447,-0.7865215220233657
0.6540540626696258,-0.9034231025168946
0.46933356734552656,-0.9008547640329179
-0.9415546889724788,-0.6975694231447682
-0.7369979602067733,0.964364815836223
-0.7691035894837104,0.8424172734591229
0.27267436529110656,-0.9779261936334873
0.8300767189752587,-0.940616364118614
0.8355773240839104,0.880469832138685
-0.8733250462092688,0.9870488937072344
-0.7063430994230082,0.9363052823489162
0.956301332555276,-0.8384682028245973
0.6222167479358844,-0.8113317796192305
0.6732948764940674,0.9088105414384613
-0.8430943419900594,-0.7340146196010111
-0.8845389019397496,0.7527394188094947
-0.5777348817701013,-0.9689019717013887
-0.9326309287970063,-0.4743416109768206
0.9203799006511049,0.7114738422212068
-0.637820051285142,0.8050741684208556
0.6994769839163513,0.7960494715871929
0.6556637750875307,0.952664781056755
-0.9071446826936251,-0.8723554168407108
-0.5286371735400321,-0.9523693810236169
-0.6999052885829162,0.814457539499265
-0.4223147536817895,0.9443329733983072
-0.6690207769413508,0.8905683145034564
0.599278545032359,0.8739252663895183
-0.8975018423821908,0.8123753791080213
0.9651006368537878,0.2807835799762517
0.9966730809309527,-0.40764333885508486
-0.9869264296123532,-0.2343127126983382
0.8586062462428066,0.6571517076212376
-0.13576789249728693,-0.9939452244029678
-0.9619095113227103,0.31056606342553916
0.9707642966774812,-0.48063228926479584
-0.5268797904475777,-0.9180690734751151
0.9694707296347331,0.4421459726141441
0.3392414941338404,0.9883992112692943
0.6909402984328865,0.7351560687001917
0.816189943660256,-0.9632092092946096
0.99178868983676,0.2890797655352937
0.8570336880907112,0.9085642794529649
-0.7827861681379285,0.6985998527102226
0.25982927781602494,-0.9979698624337128
-0.8963922350240894,0.5922037060387264
-0.7724714306433615,-0.7433240580114295
0.9763785364886299,0.5280217800114084
-0.7296680421651152,0.938629944639326
-0.6920247000685924,-0.8137143402625706
0.5717309180715009,0.9056349197586337
0.7659884298134965,-0.8280507670502772
-0.7889162774049643,-0.9370799397760012
-0.8977314141795867,0.9766379780002499
0.842305045750223,0.5894831115781749
-0.9923839096248126,-0.1725102037526376
-0.6272077940689385,-0.9262767922208268
-0.5902111890494943,0.8890868533731835
-0.7444813928400298,0.9703293909667579
-0.8391128421752276,0.6249952593574615
0.41128299469767104,-0.9680268600872663
-0.9407697793213041,0.6478341559560128
0.6227103501531219,-0.9760874668855792
0.9245367602401149,0.7487327767108412
-0.7784007616309994,0.8540072165154813
-0.8753578423949913,-0.5244220727242628
0.9806005956754573,0.6315441755480187
0.9662737281532541,0.629398736857196
0.5516144503675973,0.9019512129795662
-0.6112852220554417,-0.9619501574491476
-0.9613824584083448,0.8942703391536639
-0.717530173421671,0.9494582548125159
0.9702885206774527,-0.825096322471844
0.2900321668763688,-0.9939192715983642
0.11671235073517083,0.9961592531311112
-0.6544006562512055,0.8656955529052575
-0.9905362038619923,-0.15598041562683607
0.9313671819443119,-0.6289309133353513
-0.8731645072522651,-0.6178970039833085
-0.8309543313711432,0.7039827797554359
-0.7947692446104224,-0.8559648339189003
-0.9118650538280646,-0.5202126848344155
0.6593118849338715,0.7571977617426564
0.9958197935430178,-0.338724543068484
-0.6503116519718575,0.9825697222969072
-0.997400727535833,0.26708970933340126
0.811895597713415,0.7429123434674665
0.7599603210364065,0.8948942227748016
0.6288324103741485,0.7919170030067919
0.7527221204890793,0.6709205967816749
-0.9661707877333454,-0.8217195877251573
-0.8786289047590952,0.9081626282978008
-0.9611564826633314,0.4463753376591073
-0.9892054242968971,0.8520273899770583
0.354038297711174,-0.9642497520321653
-0.9254525295708558,-0.452132134466652
-0.9340723525370926,0.4386478489171206
0.7917026090769124,0.6152023561329856
0.672299616643999,0.8722213008669333
-0.7123607544069879,0.7759190564712013
-0.7740573152279029,0.7767603054136656
0.755891751898716,0.8637989272143294
0.5232376133451346,0.945702385596014
-0.884493371901385,0.8670855056231326
0.3728187055746448,0.9826773557892026
-0.9903099593400171,0.7560440409986069
0.5702176048297556,0.856503762958841
0.6942851371697758,0.9033833214928337
-0.5980668426572999,-0.8904728458020266
0.9283272648897585,-0.747401612161871
0.4253515751344088,0.9928345841314845
-0.5879478800051823,-0.8272884763367749
-0.9578382863582751,0.32811214624917984
0.7436722162025133,0.7408165341301141
0.6183021469387255,-0.8435460532997676
-0.8962189329355654,-0.6099830709785701
-0.9968658173661029,0.7582214986320284
0.9521655751028923,0.9136332308727917
-0.806226571950837,0.6969480865108673
0.6908608496419455,0.9074377177442317
0.8739762856966278,-0.5668379654530202
-0.8804854538291937,0.8983705454707929
-0.8954165729015691,-0.7109552682927147
0.9763100681768704,-0.8652038264078723
0.8929968825341779,0.7381469836472432
0.9942907948109394,0.340165198071642
-0.9655928369106701,0.7565853990639957
0.6084947961645053,-0.8604023842086876
0.9664866292315508,-0.39762168121468844
0.649389039225093,0.8372621903104263
-0.850146367915054,-0.6346050142286839
-0.8857787862044704,-0.5446491696945677
0.4298060343051391,-0.9256340743650087
-0.634015155862151,-0.8371248637600743
-0.9309863785130723,0.6879201906352881
-0.7883628899316266,0.8213618633845252
-0.8438541124413432,-0.8521144149438611
-0.3423937779257371,0.9409748679778875
-0.6835144094705119,-0.9981665833269107
-0.8135594217447932,-0.6516407679220695
-0.3702949530423052,-0.973359150659612
0.6035139740862214,0.8616520656192193
-0.8591597429043609,0.6400436513726615
-0.6919490948996865,-0.9969699529292821
-0.8850451160447494,-0.5126856188902413
0.9169743245763387,0.5835542037687815
-0.8559383625526933,0.6116493182055285
-0.7753063289940034,-0.9494358440535737
0.6484039177648011,0.9915249174369996
0.942393468222521,0.37186339225870624
-0.9661491378821423,-0.5019342948727961
-0.9951111325388515,0.11190792361394619
-0.34998086197107026,-0.9434563970837673
-0.3110488821109587,0.9842060713302041
-0.9677868117984267,0.49862188227636906
0.8910945591409667,-0.6462654625580795
-0.8886785225669436,-0.8959922557126256
-0.4927028793641004,0.9844025837424475
-0.7835892911635292,0.7865401639921201
-0.7739167697808191,-0.91100322763551
-0.9049650546751449,-0.6082168469168752
-0.7796881538913627,0.9684314810503387
-0.8164204866975389,-0.8491676025692434
0.4401579291070652,-0.9937474566466273
0.8536232662168448,-0.5648414169520655
0.7023722786842388,0.7594410439143626
-0.8314179117833711,0.7875093795098898
0.9995025512354241,0.512652380869741
-0.7910244344181891,-0.8475282439629106
0.7317245719808385,-0.9285866720906855
0.6607579821065257,-0.9657697293444991
0.9923177281719691,0.6793932515102314
0.5443583878530072,0.8433399530472523
-0.9298454992793423,0.5492309362396812
-0.9493698006296349,-0.5471741031224366
0.9215935091982446,0.9431125486566525
-0.7703580440209374,-0.9242598625196412
0.5618542239976683,-0.9471638783341274
-0.9722049914189594,0.9766166307636179
-0.6017302821437842,0.8764563072075819
0.8043175312728086,0.9561936172266396
-0.5470080674619289,-0.8480749123713258
-0.6141141473649763,0.9674420156153392
-0.9485930474791608,0.8267705898857483
0.5383551740568937,0.8869655720755787
-0.7371925721037764,0.9653617298632835
0.6932424513085562,-0.9815049634978148
0.947481968958199,-0.6088693507540701
0.7734349273184045,0.9101285823322738
-0.6863937642887268,0.8953491024779696
0.5401273611877426,-0.9350845508468697
0.9942157873505424,0.1796889823925718
0.9949219846156738,0.24674593006860834
-0.7833543015880797,0.7601195389916335
-0.8591161365630062,0.955613950733099
0.9956600865503558,0.14769529479057164
0.9929417261031732,0.28937403552501806
-0.6975320198022028,0.8849087243584852
-0.7515143033454863,0.7672351132376023
0.996352817602471,-0.8519575701509567
0.9307025769750981,0.47101919194735453
-0.7568457943609181,-0.6654767996726825
-0.2622606509017822,-0.9717172915814709
0.8521063263187714,-0.668050284455338
0.863372804719833,-0.895727495737743
-0.39928311010287065,-0.9214454690939957
-0.9770218825699521,0.2823942930105068
-0.3583458466923042,-0.944357765539386
-0.9765383190118015,0.862617535327497
-0.8660379104659701,0.9996808020589449
0.6118065508637816,-0.8791195032725709
-0.46246389366582497,0.9209197752287182
-0.9213219047832604,-0.7415318431297879
0.5512841106262756,-0.8447731582514171
-0.9720778847512273,0.8870637433989146
-0.6715577706031044,-0.9495662503400877
-0.39800126156209936,0.9434826569079517
0.9440112954089215,-0.596669419169942
-0.9639956696821694,0.5233109498068667
-0.7016757970904204,0.9888777078734154
-0.8074832774406606,0.6674688277495266
0.7687198487338935,0.781944815199531
0.9101956550789869,0.7353937106320763
0.588769148514342,-0.9033866739645897
0.9401989516767058,0.9224707532295666
-0.8879774231004001,0.5355406791014878
0.9933067442024919,0.49928465998753
-0.3680954448139706,-0.9922775033071636
0.9140550213859029,0.5166004404408244
0.8412131098788105,0.8631549901202105
0.9181123720404789,0.5415313550490304
0.6223573368666884,0.7854665596451069
-0.8903084655880218,-0.6293818902784103
0.9848050481944293,0.8701991265550255
0.84166042079037,-0.7775078653139791
0.8478343713810677,0.5610357406027022
-0.9685487028836348,0.3522314737446326
-0.9914921029276584,0.19319603319905854
0.49267795465497755,-0.9690387070982616
-0.9808630718968456,0.8053484672958087
-0.6588032107598205,0.9599856846350971
0.34727386964777485,0.9449473938403046
-0.9257741416021033,-0.5972883426657871
-0.6744055720786923,0.8341360608776411
-0.7632420518114238,0.8480978219264037
0.9452267599535769,0.3373720233742057
0.4272303622811666,0.9434275962565344
0.9394405536376953,0.8380080616396157
-0.8520406770014715,0.5445212615243054
-0.9902871635949722,0.7800880037535634
0.9857733922151715,0.9881654647112108
0.704184832636821,0.8294412159434563
0.5603437646425224,-0.85473283355057
0.8724624265035175,0.7959334492819405
0.9812880259537857,-0.2226029454573697
-0.6804887597343552,0.7778476565166974
-0.8437880209641144,-0.6848792305898959
0.6178403295766217,-0.80512590901443
-0.4606696857689099,0.9791392939317616
-0.8641389899349732,-0.9586004404282467
0.9449622886370863,0.6779736155636094
-0.9667141001365052,0.3695846592258143
-0.9390042203442677,-0.5115314735425271
0.9392628711331732,0.6280598944529399
0.2965698402520134,0.9707542019889253
-0.8524281025066673,0.5662882661139179
-0.7246066685906405,0.969085216955452
-0.9583439393322741,0.4959609579733655
0.8305439846962757,-0.6610855592197273
-0.9473567964105811,-0.7642663482303411
0.7420109133037838,0.8974912539629818
-0.8056538542869078,-0.7297229112418748
-0.8298568609026753,-0.9071503230294402
0.9492281692523816,-0.34953141291809686
0.8473810028025377,0.8940575355770539
-0.9969994071272317,-0.660262781343431
0.6476765377594893,0.8860884162059088
-0.7725842762252484,-0.7286653820880731
0.5667328709682948,0.9780826851264754
-0.9061109150630988,-0.6932187454534506
-0.8271618671437047,0.9192361331205574
-0.8635754863619589,0.594968534623838
-0.8595952349935396,-0.9986203737392609
-0.7786045233798495,-0.9485773174322756
-0.8987326381507244,0.552342059735194
-0.4955480954728093,-0.8808666141127606
0.7146666628618004,0.950584884793725
-0.7508114090886431,0.7306195636815198
0.7389053717568403,-0.9467189089697572
-0.7001782988695677,0.8587124285081562
0.8085827132556989,0.6867997113027724
0.9286762019051304,0.9589560243694761
0.4365888659243249,-0.9020721697956806
0.8745033462882632,-0.5727480806860412
-0.9879988681617997,-0.19055338582438308
0.9029360534477799,0.7159912812407869
-0.9403202231701415,0.7679500212686314
-0.9275922078073997,0.4087008759979067
-0.967146007208253,0.7788986968760978
0.8190992381164308,-0.6446695678785077
0.6599784448142612,0.9417844629955519
0.987714656124872,0.7274680464921697
-0.9034012452476621,-0.9484213017553302
-0.8723052616875719,-0.5993247237804733
-0.9797482475363244,0.9738232280171124
-0.8307313039909994,0.9274591640896825
0.9841244434148066,-0.6797158597924766
-0.4326618685554915,-0.9826783355737154
0.8848453283159923,0.5026316266057944
0.7992853796367507,-0.9022714825568152
0.9510892354124281,-0.5477250730710785
-0.9550176469988807,-0.5857710942046173
0.9329959610760279,-0.7777067613997386
0.6413324286617401,-0.9420661261589762
-0.3430821915457578,-0.9852468038918898
0.9240905126494563,-0.4416540594636573
-0.9381695722568921,-0.36963731488161766
0.8705679961529957,-0.6345818297398897
-0.6333065794283042,0.8865915530183537
-0.603936950319381,-0.8595355373007789
0.8795902579670656,0.6407837265729734
0.3633620106990445,-0.9479142665792553
-0.8350115075803286,-0.6951097183215156
-0.49927259484956066,0.9565407029434023
0.8120167993086751,0.6933942964285467
-0.7133428928942505,0.9380680617996944
0.4114479502921131,-0.9284124567842467
0.9535566245040819,-0.9811052021505431
0.6987031766247804,-0.9835849477177203
0.8201218447242749,-0.8901840281414775
-0.5634046503503922,0.9274840315033566
0.8944292725142318,0.5008519850905186
0.908305543923261,0.5969855993608408
0.8212315152854088,-0.7992654466279057
-0.9580297413119394,0.6962819178955639
-0.6167186113367422,0.8626585639565783
-0.9934287296887669,0.719831563473458
0.9495494502698414,-0.8880567901046401
0.9744125123234326,0.4140334285369014
0.5927650467094638,-0.8590856724326159
0.23100783607473985,0.9974892546421126
0.7979704713590874,-0.6076640478633482
-0.5590719488397022,-0.8716707302594491
-0.8949805379324687,-0.7095890267589178
-0.8376235418195235,-0.5486150158104504
-0.7711309153594457,0.8076035303676177
-0.9949621083436464,-0.6009312992283866
0.9352785496360485,0.7005605314608523
0.7265258509295738,0.7465546206041753
-0.840420605099071,0.9106504123798307
0.8001859719666344,0.6632419371027629
0.7164898645727928,0.7377979777770527
-0.4304244775557864,0.971375252552666
-0.8522424476020927,-0.9145104573155631
0.7389120114423477,-0.8790915905002383
-0.9777538868590268,0.3040283244661246
0.9782794019911643,0.46233778534792513
0.7443220947761473,0.9456098084717719
0.6547552815085134,0.9238817809872304
0.7586210465763796,-0.6960866124307441
0.9072303910647388,-0.8388137807567075
-0.780127291448169,-0.7143022760290285
-0.6868417713536419,0.8800481183625277
0.9779040866992035,0.9467925102770485
-0.5423411035753278,-0.9851519591362923
0.6556561645390104,-0.959796141115314
0.7165361814516167,0.841244935781345
0.8582994500319645,0.5309705837438417
-0.9813466887359386,-0.4565808008544099
-0.3944993229954836,0.9729469742733288
-0.6150371842620685,-0.8069948114046372
-0.39269506589164305,0.9851012974761124
0.8990182240092659,0.49348606843413134
-0.4297556702314014,-0.9955297145050126
0.5016597825063471,0.9345374526563204
-0.9817835368647552,-0.48413758489277536
0.9355572364161517,-0.6245211155763482
0.8624013193189073,-0.9742351988523494
0.8578496319300075,0.5368098673323596
-0.9970710993451251,-0.08545021258032381
0.7777064547584249,-0.9455949875582388
0.9182982804907316,-0.4398485285900495
0.6575886397882567,-0.9893067121828187
0.7960044443835221,0.7196334211245368
0.8734291022900567,0.9385268391686994
-0.8763306052724837,0.9262495107505111
0.5602986074421912,-0.8452332595227783
0.8228323933900579,-0.9747088428456758
-0.7818738194808388,0.7571626777139668
-0.83659687679291,0.9714957960835513
-0.8874548244128564,-0.7603254896674718
-0.917968393815243,0.8135719100645213
0.9133285104609421,-0.4288884114774123
-0.9021824314042526,0.6966211223864092
-0.9543499445867758,-0.32644813490598357
-0.9159190812528324,0.48259143024870754
0.7492770947796195,0.9738525492213495
-0.5905925975256654,-0.8788221841427384
-0.5959606818308822,0.9141229905246433
0.9455822824210962,-0.8671888084774935
-0.9985279690435893,0.272748511603637
-0.9512196093598826,0.9583305750382682
0.8886917886406214,0.8958153189833609
0.9396925100817526,-0.9627614575474996
-0.8582491287028826,0.7162100174996058
0.6083511599840346,0.9920375572962099
0.6595837865233269,0.9227879432197206
0.8116388929030385,-0.841040050916465
0.8989587493648878,-0.8672037529388554
0.8494846186376779,0.8549363031201631
-0.9235776126257118,0.5153903805786149
-0.8508096084284205,-0.5734696494377087
-0.4584434467934404,-0.9327594054147101
-0.9277084826836457,0.4438822344457267
-0.9596250744774331,-0.653345096726943
0.5442461619682708,-0.9811632848310126
-0.9849140377579055,0.6546580723488244
0.8366656692940508,0.5611178663005516
-0.9137410512628632,-0.6077427728239491
0.804763548190347,-0.6045078895986964
-0.7228330222162422,0.9972071672692946
-0.9397355193360466,0.9738348754553898
0.7466892008589225,0.7572050277473856
0.6901517714804275,-0.7498740560122703
0.8717999340646747,-0.6650861055530033
-0.888205562713003,-0.5159834853454563
-0.7442630214765382,0.8826912559156355
-0.9881565254572213,0.8041464284481254
0.9701819807355843,0.7146510010846869
-0.6105145168921273,0.9068304802117966
-0.7789961182991476,-0.7739853152680414
0.8941626418630955,0.9739978579451909
0.8551933027079219,0.8429063381589248
-0.7543680773291348,-0.832229710164732
0.7835192502768769,0.6442773021327544
0.880037338506044,-0.7967785759944539
-0.7638900994809688,-0.9661738367995931
-0.3597324703259086,-0.9440883478157716
-0.8530829024067244,0.6663675225286503
0.8408273840856932,0.7777469231717353
0.8348570196226959,-0.998018423928567
0.6149558520520724,-0.8060912057930012
0.3697390759211421,0.9841699526883187
0.9279398684066711,0.6283964593737468
0.8202681113491528,0.594564461991429
0.9104420053943925,0.44618196344972083
-0.9631172743997898,-0.5358594343548342
0.29812962684369126,-0.998381573512291
-0.9377774006674746,0.4129011230282902
-0.4255891341925222,-0.9711993333988949
-0.7914321638580419,-0.7131519295561546
0.6604662759436852,-0.9297661523263565
0.9333249721324666,-0.8186711026837183
0.6780247573748845,-0.7947571388867356
0.6303107877882717,0.8379850147856998
0.6758459719507814,0.769609980357965
-0.8387342862942169,-0.6064745897084758
0.965677587981721,0.7080557049871641
0.7578149494530488,-0.6693836176513785
0.6269440981672323,0.9502131248581502
0.731595482805302,-0.7860063322651651
0.8002780853833349,0.7871544570957585
-0.9068965181969826,0.7492381221065063
0.9649296617329544,-0.5952103466766518
-0.9985974343214659,-0.15468598882314444
0.8951719666222917,0.834976001786256
0.9653794726057483,0.4736111112320436
0.7854922360829026,0.8872127459989076
-0.9762472911710891,0.883750652693504
0.982787904011168,-0.4128856409513393
-0.9160282930459718,0.442383221824864
-0.9875756915093428,0.25000551010467675
-0.9906813569889201,-0.2650613505474717
-0.7532223331362704,0.9582686691578317
-0.2544459663545737,-0.9693525799524059
0.8699771240414367,-0.7713354810192743
-0.6585889505069855,-0.8583415290322054
-0.9778173669773405,-0.6072918350110272
-0.8065437678524738,-0.8011875635375751
-0.5043633759586765,-0.8871790372450579
-0.7267120023276783,0.7210340500373875
-0.9503541399274167,-0.43055296623844685
0.5258328477607106,-0.911986313250067
-0.922142468139509,0.45920380639945213
0.7954354625624076,-0.9473200266380291
-0.8827360296570514,0.7281731683850496
0.6715762396028098,0.9410504985637484
0.8159739795692353,0.5824345700364069
0.26023127070026697,-0.9812480925680866
0.9534215120082996,-0.4635450919820878
0.42373549005946987,-0.9431362917904609
-0.9491771158916964,-0.9257371978665208
-0.9420295061169077,0.7595068064202699
-0.7752196964199913,0.6390526433462822
0.962098581172387,0.37862958730640206
-0.4239035766516559,0.9938393093743518
-0.7935355270827658,0.8148619755197053
0.7780631324380716,-0.7606236389937937
-0.5030114570593607,0.951390838773901
0.7220700351710918,-0.9740690584911735
-0.9962759040066984,0.2415373948437376
0.9099656964635501,-0.549330336421961
0.7045573713574327,-0.7176860312346547
0.8582160123804936,-0.62141940650308
-0.9353927199339025,-0.5622591921847482
0.5901751155032866,0.9730906058911268
0.8915747059698171,0.49427598785495763
0.5720475295133927,0.8906036255636263
-0.8969350178513442,-0.8456311573907416
-0.8003922878990755,0.6034167792475884
0.8579363381494196,-0.5179101327724671
-0.9862590027856906,0.18276434391472707
-0.4585502660219174,-0.9794684792292039
0.9252992679127401,-0.8918251473429797
0.9712445716994533,0.24547290162138347
0.6458193349877694,-0.8930215182752554
-0.18642331614501506,0.9943880332176454
0.8283912433580132,0.8511496300775587
-0.6808257177981369,0.9845507724253286
-0.9953413965601594,-0.8779002332008854
-0.81912624366137,0.6333949959652225
-0.809390579686031,-0.7458174057376097
0.9695852950308377,-0.2541442522156745
0.45317404838686803,0.9782327574895997
-0.769534499972736,-0.8034412152422155
-0.5255228508750074,0.8814118373038997
0.9578957812186657,0.5631351457369678
-0.7529752562903467,-0.8982200784547947
0.8500000163356061,-0.9453860800065297
-0.9014665939166924,0.5796128519778998
-0.7319016291728859,0.9840980979607088
0.7771306817365551,0.801682876095106
-0.9505034876004324,0.9261188898112398
-0.7531873085322844,0.9376380610317867
0.9054873062608135,0.8130327644953774
-0.791395850159123,0.776332830568395
0.9554403924410046,-0.8871725897418143
0.9019765057642564,-0.49428550055852116
0.9687450541674962,-0.9688075012919439
-0.6197960844025172,0.9289740139135898
0.7346633262972022,-0.8041822652699233
0.8314350091432114,0.858724085254533
-0.5581210729974282,0.9999936365070254
-0.5980571208112153,-0.898915811987467
-0.9160702522882609,0.7747890056810713
0.8983002762064227,-0.6529614767292897
-0.9878073525655644,-0.652429288897441
0.8376717240432581,-0.5569554894277591
0.8188793094594249,0.7001477141460763
0.3898426671454691,-0.9879824296490078
0.9546074216494247,-0.8055362936193082
-0.37298374190155426,0.934862950501471
0.5321536774305149,0.8956849383351455
-0.6756755644356338,-0.85518299318649
0.7327175862412021,-0.9809295104850597
0.9822864919807193,0.9078816883131764
-0.9010171017359125,-0.6788792943108153
0.9029992948995442,0.7762462687599263
-0.7667404559423683,0.79858487015246
-0.9607110765575797,0.34996275044759395
0.8083124387390701,0.6617823117959987
0.8780980945803758,-0.7804152205841206
-0.9031184239513186,-0.4972501021586375
0.9469447071479413,0.7978659644671617
0.7995463286455482,-0.750692790726859
-0.7915583725137951,-0.6897803111163676
0.6905840427744712,0.8249588646409296
-0.40645570508594075,0.9330830093648113
-0.6150755585907117,0.8739409767304702
0.8560985969154908,-0.7522865280528905
0.955822512524362,0.5518432653961667
-0.48414860055601916,0.9093871595025185
0.8577714796755638,-0.7326771075579026
0.7067930284217685,0.7227989347513863
0.3457848311189007,0.9590341363451464
0.7384648463803876,-0.8758740481188576
-0.9673474703297749,-0.9689375230934818
0.7673537761159492,0.7982241070821272
-0.8592331441969665,-0.7543150537990435
0.4113151794827299,0.9733481187116231
-0.653445398925872,0.8417043991160622
0.6753647462708401,-0.9436311374431556
-0.6026228739245971,0.9749384051580627
-0.8498536754726786,-0.702034559376784
-0.9538520386026723,0.4004541754115316
0.8600034526158091,0.8507268644999326
0.9904649390506881,0.2931443348394902
-0.4132643654851669,-0.9471565608655521
0.9456356565710102,-0.5658403227463511
-0.8835924852485866,0.7282120623591037
-0.9509790465906376,0.66295874824936
-0.7853754167008853,-0.6840368100121879
0.9775436245449571,0.7656880788560949
0.7966437740274097,0.9424069545632991
-0.6610416830895589,0.7573808542796865
0.8902507403162063,0.9229450456320933
0.9681506320528703,0.5319609000438061
0.8497596989468865,-0.6651133245693308
-0.921519236983694,-0.41882144547898137
0.8388877642731083,-0.5840347747650179
-0.8129714694166064,0.8058413086757406
-0.9423013280970498,-0.6745471926364162
-0.6477732141280066,0.8888551063461405
-0.17197689722394371,0.9969687356820964
0.9536804430888814,0.8971091693786106
-0.6492534589958014,0.9388754745426136
0.5853141780985969,0.9265983470982051
0.7266916336818494,0.850249428469908
0.8218049935240517,0.6349774724025257
-0.936563808464492,-0.4846997196452405
-0.8381200909969564,-0.9956054181384906
0.9308627955023476,0.6483096807445912
-0.9145480167085185,-0.4429191140912727
-0.4940043613572167,-0.8987461419646299
-0.9965001466010599,-0.632378995226861
-0.9699041624789826,0.9487005501274721
0.6007112244083599,-0.9761358276896084
0.8867708715810858,0.9642125039482587
0.5381646341759179,0.9693378185029915
-0.8130811880464122,-0.6883241462623888
0.5835694000018627,-0.9097904969984061
-0.8179991645817832,-0.7649157001054743
-0.999772505830558,-0.9656171744087632
-0.9170760702331087,0.5590711284258523
0.8362858306525645,-0.6624413088272731
-0.666293093882196,-0.8449081879460703
0.7655413085510112,-0.7293684214637348
0.959845493167145,-0.6782440771081399
-0.8644643961129723,0.6609628081633536
0.9142161249242524,-0.49035634704722764
0.6996991515697941,-0.9591449305555524
0.905688239439896,-0.9491236567276213
-0.8862580263110824,0.738461460872033
0.942259072200917,-0.7224904552460729
0.6944413492255559,-0.7521794139500717
0.5556348189532063,0.9817032280256413
-0.9705702729200174,0.848781991976991
0.500242485151376,-0.944559788889517
-0.9916365918251584,-0.89721081592979
0.5029998788023486,-0.8834764215254505
0.7283659088246153,-0.8946603575641425
0.9988755564596279,0.8406326019340378
-0.9290856648483281,-0.9258507845259856
0.6837200931863037,-0.9130582172798705
0.8869064887805025,-0.8874783008835929
0.8191697975372656,-0.6420358783492524
0.670431655974939,0.7521030781401734
-0.9425911320675815,0.840794857713965
0.8070269315956866,-0.7097136945397886
0.963302974159457,-0.30791389591314555
0.7472169529104571,0.9896662985495814
0.7710528390802365,-0.7456891809356656
-0.5269856109122173,-0.8991281145724581
0.9077476879659874,0.5952362065460262
0.8307712279299864,-0.9756217371356428
-0.7197709215780819,0.7451676523480626
-0.9803601424767694,-0.7275275293643402
-0.8140371842310881,0.6427086727906286
0.899235107180679,0.9803040986774965
0.7364132421700866,-0.8901301959890429
0.9948116577919159,-0.5531544758500941
-0.5893363284641486,0.9747181053479095
-0.7530245616818287,0.982720201115358
-0.7160270612605439,0.9340572002995331
-0.769689685055118,0.9107825639562301
0.9656561052550783,0.45571241828556985
0.9739481752270398,-0.6442811550679537
-0.8802765832034982,-0.821635824272869
-0.7317224055424225,-0.9463048977212627
0.9685136317100687,0.8346309809160997
0.8619805198675894,-0.7560516422827119
-0.7321703174078571,0.9256457484058425
-0.3825611650697833,0.9308321611320027
0.8700601857123673,0.5792524646362267
-0.5622888989198209,-0.9992039675669306
-0.9920619364146197,-0.45933643476103514
-0.8950882814394798,0.9421803806715077
-0.47789851755397117,0.9980710924148928
0.7964455892031561,-0.648656009264029
0.5246440183049013,0.9338647743114303
-0.5609190385339113,0.9452444121569128
0.7117399663740485,0.8987142134726027
0.8557975635919803,0.8186648029218293
0.6783763168723902,0.8602650003164352
0.6355750229851906,-0.81046856876685
-0.7792962931147334,-0.7825941636598477
0.9584827665089657,-0.5440921275965069
-0.9999283776791896,-0.5064232406900695
-0.9430575671435633,0.5884577635949386
0.8116883298135686,-0.6304576137917086
-0.9805435237148572,0.2384027640834061
0.43178749145211226,0.9240546327191106
0.9708551301280548,0.8162859431578007
0.9013330904099219,0.6783286908518034
-0.9985363557006806,0.5184648357648136
-0.8932166046619956,0.7620579188531955
0.9271394846485153,-0.9463795412494853
-0.6674016346966538,0.9395526780920291
-0.5151840742339902,0.8760440228072528
-0.9688240581491174,-0.39901048924014937
-0.8127046453871793,0.9382963578791894
0.6014705708889587,0.9006528289990174
-0.806387124427886,0.9778523191254169
0.706413984945129,0.9639012862965994
0.6137394999546999,-0.9304061532955767
-0.47281542654550024,0.9426456071865079
-0.5024736111093306,0.9079270832003918
-0.6672532618625295,-0.7969110646879538
0.6958557950902615,0.720671048434744
-0.8798785517498451,0.7199478940066038
0.6872362052359873,-0.9684740075497806
-0.5466422349913778,0.9148468695867988
0.6123506624663104,-0.8607443518659141
0.5549084104093926,0.8789722231025525
0.6410707890306051,0.8527576464894036
-0.5324439623693025,-0.92169526146701
-0.7454580304338205,-0.9981880925727435
0.7560690718494651,-0.8265024155776017
-0.985900695286088,-0.682009183493794
0.2937652098334751,0.9706239614340253
-0.906212569655741,0.7985750144790826
0.9784910100635391,0.6609000633174142
0.5759909417539177,0.8807146247338278
0.6355465203447659,-0.837429383692428
0.763445193170289,-0.6947355415742733
0.41319482165359434,-0.9519781815082751
0.5163814754714708,0.9839044364424556
-0.09747360157139195,0.9982992632509076
0.9107401376660584,0.9041384399262222
0.8482308534551264,-0.7582750053938292
0.9715535938242863,0.49535111575623425
0.7132681568963799,0.8379715490906705
0.5401711971090748,-0.8644131273517044
0.64860121287538,0.7873787243392021
0.724482813634723,0.8157166455216509
0.7696721554819135,-0.8317522835881064
-0.9625416357141761,-0.4516040882789991
-0.564105703467048,-0.8468338232376711
-0.6709605406362846,-0.9860842870429019
-0.5725429593031477,-0.8413729119478386
0.8391105303809991,-0.8754795945853948
0.37390297908116366,0.9668842428434459
0.8569315240348578,-0.8412547447905279
0.5242393354887747,0.9225986659489156
0.9845105183175413,0.28892495865747736
-0.8395722038662363,-0.6381288027910998
-0.9996211150890448,0.7526645843309276
0.6665938810092973,0.903657094695784
0.8345349880479549,0.5535258166618031
-0.5318086944961093,-0.9366717585901789
-0.9236593961023172,-0.542800653955174
-0.6054456693900476,0.9832402123881925
-0.9367986494540907,-0.5906471210487978
-0.7387566656791476,-0.8740760224947168
-0.9746323673309587,0.5462223833519841
-0.7603634464664146,0.8877394189555121
-0.9795114074399405,0.685129970169607
0.9711989303761641,-0.9143130778121822
0.9734144520620402,0.4966174525356901
-0.9156762800049623,-0.67671965882773
0.9570209262877916,0.5955032124162178
0.9554848036280592,-0.8432930553483808
0.5882189877672308,0.8555139868919008
0.6240688233874891,-0.8336085242327829
-0.9662948478297473,0.6463821365363114
-0.9444834531973769,-0.9933765779356707
-0.6580204019813753,0.936756349048371
-0.9001173335451078,-0.8506211667932742
-0.7074317768145444,-0.7986621786452157
-0.8338441900598705,-0.6004380983266953
-0.9104228211523948,0.5598222304287568
0.36329709210178374,0.985749813471865
-0.6412062420524478,-0.8582165830884707
-0.9958153157383642,0.9747470513091876
-0.9412199249006228,0.8880049456393491
0.6826082747643178,-0.8872221461052452
0.758916496563051,-0.9434325718540695
-0.7063865393044202,0.814408802196809
0.9046640777938058,-0.9393270564817897
0.9758909011416403,-0.335761795126319
-0.8947322487645604,0.857849049767526
0.8404412341652854,-0.8997170453121921
0.9333467053935809,-0.41865998147436656
0.8176282124759628,0.8194586986241035
0.9858611086247444,-0.507411863255699
0.9156712636614779,0.741277931354241
-0.9649600149942568,0.43614346076122024
-0.9327554588788032,0.7717377774755867
-0.6757154585664589,-0.8329825638183823
0.8909278002819672,-0.911276709271752
0.6326179611217546,0.815507346420073
0.3633736343481464,-0.9724943348372788
-0.9568314679205991,0.6772921137822587
-0.7690455320439171,-0.8365551549216701
0.959659864143233,0.3782627126634337
-0.6199430521095637,0.8837601132828306
0.8476038637098109,-0.8227321908572542
-0.6726965232738191,0.7402890776902817
-0.8760878278551789,0.5690536337414631
0.6322839431319836,-0.945323020055314
0.8045624080440767,0.8757080394234211
-0.8173749901742369,-0.673279167031775
0.8557928340218126,0.5378370191306183
0.8896605757243363,0.8397248684738927
0.7026023556541736,0.7780361242619833
-0.41960663197702064,0.9469224056271619
-0.9232073920667843,-0.5250275167419092
-0.6403520298808625,-0.9286496761193075
0.8864382087377378,0.9169004691655063
-0.9870385994481936,-0.5337654872623023
0.8680275811676659,-0.9064656303694318
0.9789865712288603,0.4083906588757371
-0.9178978712709445,0.8650939493594443
0.7333091966558805,-0.9056650434015023
-0.9513012121160043,0.393072474454667
-0.8014529580147332,-0.960447216376394
-0.2413841428737924,-0.9923483386741727
0.7900072872583919,-0.6452073448694211
0.45895487362878384,-0.9402224710235745
-0.8404192119004401,0.9319181899071249
-0.8401617075323919,-0.9535701473364273
0.7495193669593103,-0.9130861154033734
-0.8365800497538451,0.8833100327910786
0.5618105743589183,0.9024873188512557
-0.9731765257976952,0.7721715877896569
0.8068515748585969,-0.7822359091694733
-0.9924907670795198,-0.6820239467626548
0.9612931431080378,0.3076824813745598
-0.7051398854252331,0.7247540922510702
-0.756129804102885,-0.8002191061570512
0.8128447984961735,-0.7341159097087753
0.8822268438907468,0.9651466927934502
-0.6284852949880928,-0.9218632238526283
-0.6281766703695073,-0.7913688410753219
-0.9789971498711323,0.5931153167938648
0.49372253335454586,0.9522087447624681
-0.9676663142073427,-0.9373859565880616
0.6935067389083989,-0.7476536047050981
0.994771615845137,0.9980599344684429
0.27220924722248174,-0.9719064114914331
0.7886556772282376,0.8411865941562535
0.9435717693628056,0.8794014423084546
0.9129809298410259,0.72743752132462
0.9144508987827302,0.5020085151283806
0.9549579295993225,-0.5469472481478583
-0.9254671572691022,-0.9605507904149164
0.9306044370349422,0.5258114511812619
-0.7440764116033687,-0.7847217212533009
0.7800077146186957,-0.8696316200092338
-0.9287771162194594,0.49731024632811804
0.7736979427692874,0.9345971960944948
-0.8470002153218952,-0.781150711612127
-0.6352199489828418,-0.8347429353662823
-0.9779462357203466,0.7383219553689446
-0.7744330132901243,0.8365010653229501
0.8552632792729171,-0.6060307865625911
-0.567747472369988,-0.8897166410759751
-0.9902289445123382,0.6685883339572793
-0.6080578219357968,-0.9576524735812291
0.8364026573065253,-0.9446326025935643
0.6868459080164888,0.8987902583873293
0.6531637067844327,-0.8354991681751525
-0.6948746538193535,0.8824929838757549
0.9647190418770537,-0.4628171591213084
-0.944345428535174,-0.6960886260691701
0.7714171441999764,-0.832182097241551
-0.9577031324851577,-0.3381272693279509
-0.6935130587715042,0.8123575641348759
-0.6531637586202133,-0.7985074303678703
-0.5418269355276943,-0.9293312607944728
0.7854264469621401,0.8846091740083766
0.6086083269091838,-0.8080741028991756
0.9094491096499737,0.9033337200795624
-0.926131246346555,-0.7898064565996294
-0.35716112893295215,-0.965787440218165
0.8512345136549768,-0.6098406988616334
-0.9426843043280724,0.40449571200152157
-0.5406364183652519,0.8929809314314108
0.608331997446026,-0.8793813911766242
0.8226095495622352,-0.7571845731070439
-0.857693396089833,-0.6571933972462731
0.6622342614999319,0.9788066823404293
0.9849020123666095,-0.5095540799404383
0.3710453917464893,-0.9723763980495019
-0.8969704042474593,0.6159159865346728
0.9731332503974544,-0.8181377847549482
-0.9306934087597112,0.6842350764486271
-0.6433656447047318,-0.9300335830422075
-0.4533763105732518,-0.9577826686645414
-0.7691688223353086,0.7115168965450511
0.8781108356275888,0.9561602362360391
0.8017781647352391,-0.9889971894839475
-0.8194762912452189,-0.7750678735930914
0.9732099849532394,0.48520206616480244
0.9822539709336995,-0.5595777762106922
0.7717460946829728,0.6435905045613863
-0.9501341140740276,0.7774905624671897
-0.5206029427287033,-0.9740584589384704
-0.7829734268121842,-0.9688792195058371
-0.8720870196293034,0.49067004726175956
0.9190626941271169,-0.8996564392197104
0.2194025110909137,0.9951935047059812
0.33574219309014763,-0.9748614368753112
0.514744880989153,-0.9349763221647627
0.762973918730498,-0.9900311912475994
-0.970862043319823,0.5280215935199764
-0.9421979684914144,-0.3384153795932392
0.643802467270139,0.832369435987933
-0.49985522714810604,-0.9751322395107374
0.7649210900855112,-0.9139376912690322
-0.6470250985542532,-0.8751626798904335
0.3367859962415096,0.9792473601426848
-0.953247653981836,-0.7825564901790509
0.2289914082928397,-0.9749730501871967
-0.691829991819114,0.79288066880199
-0.8981989132267845,0.5829210401373337
0.9510767871435446,-0.9824510652057343
0.4375062672369381,0.9684596003008958
-0.6859640275440739,0.87200504928301
-0.7788821891679512,0.6593913192105552
0.6749649196388312,-0.9736657954503753
0.9207034072389486,0.8211211752211056
0.7737751469779552,0.9183106356113409
-0.8863204123189279,0.4917733950550658
-0.7191850151756103,0.8490469349153333
-0.7331009399968469,-0.8539853590708972
-0.850297113212173,0.6583173659249568
0.7494886693732115,0.8123720266260781
-0.8919197514271284,-0.954314466587282
0.9623395405963404,0.3797452833542012
-0.6292025646926953,0.8033913557355155
0.9950108568892604,-0.9206316171975713
-0.9540701217697818,0.3135571614461061
0.8640508961295414,0.7964995226962599
-0.9382533528094832,-0.5601191022768208
-0.6278463123429827,-0.9164574022735692
-0.9772230139583375,-0.43296589575789657
-0.8762313707207907,0.9988305284744583
0.9196802630079035,0.5244878356166862
-0.8101673540027123,-0.9798740661768952
-0.9122479798880039,-0.41668271373981325
-0.7352057204010771,-0.7443171631899241
-0.7649459958174682,-0.9845943065791045
0.8369529810456884,0.8650431243585501
-0.941902853063664,0.9451367502430827
-0.5385027628410335,-0.980538926858366
0.9628991018005875,0.8865482055168779
0.9988138320689743,-0.684486874545625
-0.9613696690104905,0.30049984993867507
0.8143193474309187,0.8141076385638677
-0.3830480665234639,-0.982601327316869
0.9186387221791865,0.5971993757587386
-0.8424908326097067,0.9852795905918816
-0.9276463921623788,-0.3808234604289784
0.6208000987034343,-0.9884748019834557
0.9159163528729712,-0.7490240330879354
-0.8680922965329072,0.6380459014588902
-0.4025579717689285,-0.9849800340008519
-0.4914486667957887,0.8731544783403467
-0.9943100939261778,-0.6310226135670325
0.6772906782527202,0.8550855143352178
-0.9552470131509334,-0.6808668766599866
0.5450369721630399,0.8695713054309135
-0.8761807112165438,0.7017242232071492
-0.8241652080332136,0.9145623908380025
-0.7018923475641059,-0.9823130758904857
-0.7314125459386227,-0.6969767259023942
-0.7815376216646359,0.6919177570444863
-0.8994792353575252,-0.6617365493429903
0.9718388307887573,-0.7916799331191082
-0.5388003544570057,0.9596101744162795
0.6153992306092111,0.8676229487271927
0.5926620557031177,0.8450418818857732
0.7035094404077926,0.9883356223108388
0.5615437185400038,0.8692384910838369
0.5926348158336017,-0.8728519935276913
-0.9163654309114599,-0.8697471947918909
-0.6759306310528288,-0.9244397019026815
-0.5051578602325415,0.9533907145452851
-0.9891808059660843,0.7377846796356764
0.8403423562788157,-0.6194074033986505
-0.4511344681337197,-0.9045652169177749
0.5156037401489677,0.860860684257446
-0.9215860532597553,0.5596682065532961
0.4754895544816802,0.9688963999914435
0.5683586765627673,0.8980983218575866
0.39634329721104167,-0.9366571352995907
-0.8415049472747658,-0.9287529754649646
0.8604120142692622,-0.8722482382245067
0.8486689646682626,0.5908173051585646
0.9163605218703679,0.6500161061046941
0.675662078895624,-0.9586435376291678
0.6002506320243155,-0.8956786246968529
0.7213792227778932,0.9590492434889824
-0.9733914428854498,0.4924448056675097
-0.6283646960295706,-0.9917543470074863
0.3783554039115511,0.973487438546542
-0.8749028072497516,0.9543956742517701
0.5509223392152516,0.8778733752574879
-0.5873884151933912,-0.9255063952423401
-0.7338593477375062,-0.9428873305017933
-0.8379897863044725,-0.7271422883932541
-0.7897979570887119,-0.9153217492971466
0.7553362519562346,-0.8277590628062683
-0.5731453951718057,0.9681019326471159
0.7186388158979204,0.8797965263817917
0.9392568239730064,0.9268295406907505
-0.8171668170542323,-0.6315655078233684
-0.9956958300622452,-0.45788948372746785
0.5438217764278284,0.8762552296489463
-0.7326781807740754,0.9893012649499249
0.7017938461998454,-0.7583199686302642
